PointID,SiteID,Easting,Northing,Altitude,OSEWellID,HoleDepth,WellDepth,FormationZone,ProjectName,MonitoringStatus,ObjectID,x,y
BC-0002,,380541,3868940,7411,E-04316,360,360,,Water Level Network,H,1,-106.3083858,34.95595875
BC-0003,,373153,3883460,6527,S-00435 X,305,305,,Water Level Network,H,2,-106.3914987,35.08595441
BC-0007,,374881,3887740,6833,S-01102,420,420,,Water Level Network,H,3,-106.3731948,35.1247533
BC-0009,,374717,3888080,6893,S-01524 POD2,,540,,Water Level Network,H,4,-106.3750458,35.12779788
BC-0010,,374708,3888070,6890,S-01524,270,270,,Water Level Network,H,5,-106.375143,35.12770661
BC-0011,350726000000000,374845,3887660,6813,S-0082,260,260,231CHNL,Water Level Network,H,6,-106.3735777,35.12402765
BC-0012,350726000000000,374656,3887650,6812,S-00399,160,160,231SNRS,Water Level Network,H,7,-106.3756499,35.12391398
BC-0015,,366258,3880280,5844,,,,,Water Level Network,H,8,-106.4666011,35.05639728
BC-0017,,368407,3881590,6087,RG-25214,108,108,,Water Level Network,H,9,-106.4432501,35.06848884
BC-0018,,368444,3882170,6243,RG-30171,145,145,,Water Level Network,H,10,-106.4429365,35.07372206
BC-0034,350531000000000,374292,3884100,6478,S-00624,160,160,211MVRD,Water Level Network,H,11,-106.3791044,35.09186653
BC-0042,,381561,3889410,6795,S-01283 POD2,340,340,,Water Level Network,H,12,-106.3001381,35.14061659
BC-0043,,377155,3889940,6988,S-01042,580,580,,Water Level Network,H,13,-106.3485708,35.14486589
BC-0049,,378897,3892580,6688,S-01900,190,190,,Water Level Network,H,14,-106.3298395,35.16887619
BC-0050,,377857,3890050,6902,S-01698,325,325,,Water Level Network,H,15,-106.3408826,35.14594302
BC-0051,,377718,3888900,6941,S-00379,245,245,,Water Level Network,H,16,-106.3422379,35.13555916
BC-0058,,377820,3886240,6669,S-00363,,216,,Water Level Network,H,17,-106.3407255,35.11159224
BC-0060,,378791,3892370,6694,,,,,Water Level Network,H,18,-106.3309723,35.16697031
BC-0061,,378097,3888920,6922,S-01936,245,245,,Water Level Network,H,19,-106.3380818,35.13578546
BC-0065,,379478,3888010,6820,S-02153,400,400,,Water Level Network,H,20,-106.3227941,35.12774837
BC-0067,,382340,3889830,6777,,,,,Water Level Network,H,21,-106.2916487,35.1444943
BC-0068,,378720,3892390,6702,S-02659 CLW,360,360,,Water Level Network,H,22,-106.3317547,35.16714204
BC-0073,,375760,3890480,7000,S-02208,,290,,Water Level Network,H,23,-106.3639622,35.14956242
BC-0076,,374918,3888580,7009,S-01769,285,285,,Water Level Network,H,24,-106.3729159,35.13233021
BC-0079,,375163,3889960,7025,S-01674,400,400,,Water Level Network,H,25,-106.370436,35.14480086
BC-0080,,375583,3890660,7063,S-01531 POD2,500,500,,Water Level Network,H,26,-106.365932,35.15116317
BC-0081,,375584,3890660,7063,S-01531,320,320,,Water Level Network,H,27,-106.365921,35.15116329
BC-0082,,375467,3892640,7101,RG-84584,,40,,Water Level Network,H,28,-106.3675039,35.16899777
BC-0085,,377263,3892360,6840,S-00963,97,97,,Water Level Network,H,29,-106.3477453,35.16669467
BC-0087,,375372,3889220,6902,S-01469 POD2,340,340,,Water Level Network,H,30,-106.3680306,35.13815594
BC-0088,,376883,3892730,6932,S-02548,245,245,,Water Level Network,H,31,-106.3519721,35.16998361
BC-0109,,382506,3869000,7263,E-04761,320,320,,Water Level Network,H,32,-106.2868774,34.95672957
BC-0112,,381302,3870470,7277,E-04500,200,200,,Water Level Network,H,33,-106.3002707,34.96984145
BC-0123,,366940,3881580,5991,,,,,Water Level Network,H,34,-106.4593332,35.0682062
BC-0126,,366729,3881760,6058,RG-52935 POD 2,365,365,,Water Level Network,H,35,-106.4616755,35.06980093
BC-0130,,384155,3873160,7263,E-08248 S5,385,385,,Water Level Network,H,36,-106.2693991,34.99442305
BC-0131,,378174,3876170,7306,RG-66386,360,360,,Water Level Network,H,37,-106.3353624,35.02085524
BC-0144,,358397,3895580,5423,RG-60930,,720,,Water Level Network,H,38,-106.5553964,35.19323775
BC-0149,,375768,3891570,7090,S-02408,290,290,,Water Level Network,H,39,-106.3640384,35.15938938
BC-0152,,379374,3891380,6676,S-00063,125,125,,Water Level Network,H,40,-106.3244274,35.15811583
BC-0155,,381831,3891470,6959,S-01992,490,490,,Water Level Network,H,41,-106.2974698,35.15921905
AR-0209,,233169,4081107,5642.323,X,19,19,110ALVM,Water Level Network,D,42,-107.9922048,36.8382402
BC-0004,,373429,3883630,6611,S-01016,360,360,,Water Level Network,H,43,-106.3884978,35.0875216
BC-0006,,374870,3887490,6781,S-00970,,200,,Water Level Network,H,44,-106.3732776,35.12249827
BC-0013,350728000000000,374849,3887700,6824,S-00081,140,140,,Water Level Network,H,45,-106.3735398,35.12438874
BC-0016,,366513,3880580,5818,,,,,Water Level Network,H,46,-106.4638539,35.05913537
BC-0019,,368412,3881650,6105,RG-92869 POD1,,,,Water Level Network,H,47,-106.4432048,35.06903036
BC-0020,,368494,3881450,6043,RG-54787,,,,Water Level Network,H,48,-106.442274,35.06723816
BC-0025,,368290,3882280,6266,RG-36005,,180,,Water Level Network,H,49,-106.4446426,35.07469354
BC-0027,,377160,3888990,7126,S-02676 POD1,,790,,Water Level Network,H,50,-106.3483747,35.1363025
BC-0028,,381202,3890240,6703,,,,,Water Level Network,H,51,-106.3041974,35.14805661
BC-0044,,380992,3886540,6861,S-00507,240,240,,Water Level Network,H,52,-106.3059696,35.11467665
BC-0046,,378221,3886440,6812,,,,,Water Level Network,H,53,-106.3363557,35.11344378
BC-0052,,379766,3890580,6858,,,,,Water Level Network,H,54,-106.3200079,35.15095095
BC-0053,,380995,3886660,6851,S-01302,240,240,,Water Level Network,H,55,-106.3059539,35.1157588
BC-0055,,376424,3885340,6558,S-01173,160,160,,Water Level Network,H,56,-106.355906,35.10330859
BC-0057,,377903,3888790,6910,S-00858,225,225,,Water Level Network,H,57,-106.3401915,35.13459001
BC-0059,,381263,3890240,6708,S-02066,,343,,Water Level Network,H,58,-106.3035279,35.14806381
BC-0062,,381483,3889380,6785,S-01814,325,325,,Water Level Network,H,59,-106.3009899,35.14033696
BC-0063,,378918,3888420,6856,S-02071,385,385,,Water Level Network,H,60,-106.328999,35.13137721
BC-0069,,378755,3892670,6700,S-01455,100,100,,Water Level Network,H,61,-106.3314116,35.16967039
BC-0074,,377251,3892680,6864,S-02552,305,305,,Water Level Network,H,62,-106.3479246,35.16957791
BC-0083,350901000000000,375866,3890560,6986,S-00609,300,300,231SNRS,Water Level Network,H,63,-106.3628108,35.15029669
BC-0086,,375219,3890010,7025,S-01659 POD2,440,422,,Water Level Network,H,64,-106.3698289,35.14525854
BC-0089,,375211,3888430,6900,,,,,Water Level Network,H,65,-106.3696781,35.1310144
BC-0090,,374926,3888900,6949,S-00428 POD3,300,300,,Water Level Network,H,66,-106.3728766,35.13521589
BC-0091,,375096,3888410,6987,,,,,Water Level Network,H,67,-106.370937,35.13081983
BC-0095,,375220,3892780,7167,,,,,Water Level Network,H,68,-106.3702367,35.17022917
BC-0097,,377307,3892580,6853,S-02510,245,245,,Water Level Network,H,69,-106.347295,35.16868328
BC-0098,350930000000000,376810,3891430,6877,S-02614,180,180,231CHNL,Water Level Network,H,70,-106.3525795,35.15825558
BC-0104,,384986,3872860,7232,E-07265,200,200,,Water Level Network,H,71,-106.2602538,34.99181333
BC-0114,,377303,3871320,7498,RG-54674,260,260,,Water Level Network,H,72,-106.3441919,34.97702729
BC-0119,,379457,3867660,7648,E-09520,,800,,Water Level Network,H,73,-106.3200705,34.94429094
BC-0122,,381500,3868580,7361,E-00834,,260,,Water Level Network,H,74,-106.2978336,34.95282596
BC-0125,,366777,3881930,6117,RG-34834,300,300,,Water Level Network,H,75,-106.4611766,35.07133972
BC-0127,,366798,3881820,6070,RG-73676,240,240,,Water Level Network,H,76,-106.4609286,35.07035091
BC-0128,,380688,3883880,7113,S-01632,740,740,,Water Level Network,H,77,-106.3089214,35.09066096
BC-0133,,382118,3890830,6972,S-02021,,400,,Water Level Network,H,78,-106.2942279,35.15348321
BC-0136,,381893,3891130,6824,S-02723,405,402,,Water Level Network,H,79,-106.2967405,35.15616127
BC-0141,,358638,3895800,5443,RG-60931,,700,,Water Level Network,H,80,-106.5527878,35.19525476
BC-0159,,375704,3891940,7137,S-02229,304,304,,Water Level Network,H,81,-106.3647966,35.16271688
BC-0164,,379627,3900287,6423,RG-66342 POD2,290,290,325MDER,Water Level Network,H,82,-106.3229517,35.23844045
BC-0164,,379627,3900287,6423,RG-66342 POD2,290,290,325MDER,Water Level Network,H,83,-106.3229517,35.23844045
BC-0001,,380426,3869770,7438,E-06373,364,364,,Water Level Network,H,84,-106.3097641,34.96342774
BC-0005,,373430,3883580,6591,S-00458,300,300,,Water Level Network,H,85,-106.3884792,35.087071
BC-0008,350726000000000,374731,3887670,6818,S-02746,260,260,,Water Level Network,H,86,-106.37483,35.12410361
BC-0024,350405000000000,368380,3881530,6077,RG-38149,125,125,400PCMB,Water Level Network,H,87,-106.4435366,35.06794445
BC-0032,,383192,3890480,6869,S-01931,220,210,,Water Level Network,H,88,-106.2823897,35.15045335
BC-0033,,383207,3890280,6851,S-02159,225,225,,Water Level Network,H,89,-106.2821967,35.1486521
BC-0036,,377823,3886010,6776,S-00569,350,350,,Water Level Network,H,90,-106.3406586,35.1095192
BC-0039,,379980,3890240,6881,S-01368,425,425,,Water Level Network,H,91,-106.3176096,35.14791148
BC-0040,,382626,3888980,6849,S-00252,,500,,Water Level Network,H,92,-106.288389,35.13686502
BC-0041,,378414,3890630,6826,S-01225,260,260,,Water Level Network,H,93,-106.3348548,35.15123909
BC-0045,,381293,3887010,6904,,,,,Water Level Network,H,94,-106.3027347,35.11894921
BC-0047,,382773,3890130,6837,S-01866,,245,,Water Level Network,H,95,-106.286939,35.14724935
BC-0048,,377227,3890700,6973,,,,,Water Level Network,H,96,-106.3478936,35.15172587
BC-0072,,381263,3890240,6708,S-02066,,,,Water Level Network,H,97,-106.3035279,35.14806381
BC-0075,,375096,3888700,6906,S-01058 X,170,170,,Water Level Network,H,98,-106.3709808,35.13343409
BC-0077,,374876,3889670,7119,S-01663,420,420,,Water Level Network,H,99,-106.3735418,35.14215095
BC-0078,,375168,3889960,7026,S-01674,205,205,,Water Level Network,H,100,-106.3703811,35.14480148
BC-0094,,375334,3892700,7130,S-00735,125,125,,Water Level Network,H,101,-106.3689731,35.16952215
BC-0102,,379075,3872220,7561,RG-44390,600,600,,Water Level Network,H,102,-106.3249145,34.98535417
BC-0105,,374805,3882770,6443,,,,,Water Level Network,H,103,-106.3732769,35.07994083
BC-0107,,385221,3873340,7158,E-09352,780,780,,Water Level Network,H,104,-106.2577456,34.99616736
BC-0108,,387473,3861380,6798,,,,,Water Level Network,H,105,-106.2314603,34.88859588
BC-0113,,373773,3882660,6320,,,,,Water Level Network,H,106,-106.3845773,35.07882051
BC-0115,,377261,3871350,7513,,,,,Water Level Network,H,107,-106.3446563,34.97729265
BC-0116,,380689,3866540,7446,,,,,Water Level Network,H,108,-106.3064219,34.93433978
BC-0117,,378063,3868530,7396,,,,,Water Level Network,H,109,-106.3354597,34.95196721
BC-0118,,376563,3876330,7078,,,,,Water Level Network,H,110,-106.3530402,35.02210206
BC-0120,,377244,3872350,7712,RG-87502,925,920,,Water Level Network,H,111,-106.34499,34.98630557
BC-0121,,377243,3868740,7324,RG-34275,275,275,,Water Level Network,H,112,-106.344469,34.95376131
BC-0134,,381717,3890810,6858,S-02246,440,440,,Water Level Network,H,113,-106.2986266,35.15325581
BC-0139,,363531,3891870,6026,,,,,Water Level Network,H,114,-106.4984074,35.16050659
BC-0142,,358285,3895800,5407,RG-61095,,720,,Water Level Network,H,115,-106.556664,35.19520499
BC-0145,,357642,3895990,5333,RG-60928,,659,,Water Level Network,H,116,-106.5637575,35.19682662
BC-0147,,376564,3890480,7080,S-01511,680,680,,Water Level Network,H,117,-106.3551377,35.14966145
BC-0148,,377013,3890380,6970,S-00907,450,450,,Water Level Network,H,118,-106.3501948,35.148815
BC-0150,,375812,3890960,7064,S-20786,,335,,Water Level Network,H,119,-106.3634636,35.15389588
BC-0151,,379387,3891400,6673,S-00063 POD2,290,290,,Water Level Network,H,120,-106.3242876,35.15829769
BC-0153,,378936,3890940,6738,S-02609,283,283,,Water Level Network,H,121,-106.3291708,35.15409667
BC-0156,350949000000000,380492,3891850,6704,,,260,313SADG,Water Level Network,H,122,-106.3122232,35.16248636
BC-0163,,375624,3892580,7071,S-01295,85,85,,Water Level Network,H,123,-106.3657713,35.16847634
BC-0166,351358000000000,377953,3899697,6578,RG-76082,383,383,325MDER,Water Level Network,H,124,-106.3412575,35.23291935
BC-0166,351358000000000,377953,3899697,6578,RG-76082,383,383,325MDER,Water Level Network,H,125,-106.3412575,35.23291935
BC-0014,,368407,3881650,6106,RG-92869 POD2,306,306,,Water Level Network,H,126,-106.4432596,35.06902971
BC-0022,,366372,3880590,5789,RG-36085,185,185,,Water Level Network,H,127,-106.4654013,35.05920685
BC-0023,350357000000000,368553,3881300,6005,RG-35205,85,85,400PCMB,Water Level Network,H,128,-106.4416033,35.06589368
BC-0026,,368570,3881370,6028,RG-33327,125,125,,Water Level Network,H,129,-106.441428,35.06652691
BC-0029,,381067,3889970,6749,S-01679 POD2,,240,,Water Level Network,H,130,-106.3056403,35.14560663
BC-0030,,381074,3889970,6748,S-01679,,127,,Water Level Network,H,131,-106.3055634,35.14560746
BC-0031,,380953,3890660,6706,S-01458,320,320,,Water Level Network,H,132,-106.3069909,35.1518134
BC-0035,,382810,3889940,6812,S-00312,320,320,,Water Level Network,H,133,-106.2865059,35.14554083
BC-0037,,377290,3889030,7117,S-02348,605,605,,Water Level Network,H,134,-106.346954,35.13667896
BC-0038,,379313,3887390,6753,S-00979,300,300,,Water Level Network,H,135,-106.3245141,35.12213939
BC-0054,,381156,3888180,6876,S-01439,460,460,,Water Level Network,H,136,-106.304406,35.12948049
BC-0056,,378303,3888990,6958,,,,,Water Level Network,H,137,-106.3358315,35.13644144
BC-0064,,379477,3888290,6778,S-02120,400,400,,Water Level Network,H,138,-106.3228459,35.1302724
BC-0066,,376703,3885300,6563,S-01629,130,130,,Water Level Network,H,139,-106.3528396,35.10298219
BC-0070,,378476,3890570,6802,S-01197,240,240,,Water Level Network,H,140,-106.3341654,35.1507057
BC-0071,,377834,3890630,6972,S-02546,,,,Water Level Network,H,141,-106.3412208,35.15116878
BC-0084,,377289,3892510,6850,S-01810,210,210,,Water Level Network,H,142,-106.3474822,35.16805005
BC-0092,,374002,3884570,6559,S-02013,,100,,Water Level Network,H,143,-106.3823566,35.0960672
BC-0093,,375096,3888700,6906,S-01058 POD2,300,292,,Water Level Network,H,144,-106.3709808,35.13343409
BC-0096,,377198,3892600,6867,S-02346,,260,,Water Level Network,H,145,-106.3484946,35.16885025
BC-0099,351011000000000,375334,3892700,7130,S-00735,33,33,317ABYS,Water Level Network,H,146,-106.3689731,35.16952215
BC-0100,,373911,3885290,6726,S-00740,260,260,,Water Level Network,H,147,-106.3834644,35.10254637
BC-0101,,377242,3892250,6853,S-00131 POD2,280,280,,Water Level Network,H,148,-106.3479595,35.16570049
BC-0103,,385334,3875020,7059,E-04672,180,180,,Water Level Network,H,149,-106.2567392,35.01132583
BC-0106,,380464,3872370,7466,,,,,Water Level Network,H,150,-106.3097211,34.98687153
BC-0110,,382224,3877350,7091,E-05771,320,320,,Water Level Network,H,151,-106.2911472,35.03197337
BC-0111,,377235,3885180,6532,,,,,Water Level Network,H,152,-106.3469861,35.1019654
BC-0124,,366897,3881980,6135,RG-64876,220,220,,Water Level Network,H,153,-106.4598688,35.07180628
BC-0129,,365998,3892490,6428,,,,,Water Level Network,H,154,-106.471429,35.16642737
BC-0132,,378421,3892260,6740,,,,,Water Level Network,H,155,-106.335018,35.16593398
BC-0135,,381618,3890710,6808,S-02116,400,400,,Water Level Network,H,156,-106.2996989,35.15234267
BC-0137,,359709,3894660,5589,,,,,Water Level Network,H,157,-106.5408332,35.18512919
BC-0138,,357980,3896090,5369,RG-60932,,651,,Water Level Network,H,158,-106.5600631,35.19777588
BC-0143,,358336,3895900,5411,RG-60929,,711,,Water Level Network,H,159,-106.5561212,35.19611357
BC-0146,,357899,3895990,5359,RG-60927,760,758,,Water Level Network,H,160,-106.5609354,35.19686304
BC-0154,,379804,3891190,6692,S-00367 POD2,265,265,,Water Level Network,H,161,-106.3196796,35.15645453
BC-0160,350949000000000,376503,3891950,6967,S-00660,260,260,313SADG,Water Level Network,H,162,-106.3560272,35.16290553
BC-0161,,375550,3892760,7141,S-02359,385,385,,Water Level Network,H,163,-106.3666108,35.17008981
BC-0175,,378870,3886050,6804,S-01424,,325,,Water Level Network,H,164,-106.3291785,35.11000629
BC-0176,,378818,3885670,6878,S-01779,400,400,,Water Level Network,H,165,-106.3296933,35.10657439
BC-0177,,379090,3885550,6933,S-02662,480,480,,Water Level Network,H,166,-106.326692,35.1055253
BC-0178,,379113,3885430,6952,S-01596,,475,,Water Level Network,H,167,-106.3264221,35.10444628
BC-0157,,380978,3891240,6749,,,,,Water Level Network,H,168,-106.3068001,35.15704498
BC-0158,,380691,3891360,6761,S-01019,340,340,,Water Level Network,H,169,-106.3099678,35.15809273
BC-0162,,376568,3891830,6974,RG-32896,325,325,,Water Level Network,H,170,-106.3552957,35.16183176
BC-0165,,378478,3898273,6653,RG-65849,,410,325MDER,Water Level Network,H,171,-106.3352791,35.22014628
BC-0165,,378478,3898273,6653,RG-65849,,410,325MDER,Water Level Network,H,172,-106.3352791,35.22014628
BC-0167,,378819,3885650,6886,S-00923,380,380,,Water Level Network,H,173,-106.3296794,35.10639421
BC-0168,,378969,3884870,6805,S-01484,440,440,,Water Level Network,H,174,-106.3279199,35.09938066
BC-0174,,378487,3885280,6852,S-01585,430,430,,Water Level Network,H,175,-106.3332671,35.10301872
BC-0179,,379228,3885330,6999,S-01269,600,600,,Water Level Network,H,176,-106.325146,35.10355859
BC-0182,,379471,3885570,6934,S-01275,600,600,,Water Level Network,H,177,-106.3225154,35.10575127
BC-0193,,377584,3891220,6875,S-00843,260,260,,Water Level Network,H,178,-106.3440523,35.15645706
BC-0196,,366796,3881820,6070.06,RG-73676 POD2,600,600,,Water Level Network,H,179,-106.4609506,35.07035064
BC-0212,,372411,3883690,6698.75,,,39,,Water Level Network,H,180,-106.3996716,35.0879341
BC-0217,,373959,3885510,6725.83,,,,,Water Level Network,H,181,-106.3829714,35.10453561
BC-0219,,373324,3882450,6278.01,,,,,Water Level Network,H,182,-106.3894689,35.07687111
BC-0220,,373410,3882430,6287.32,,,,,Water Level Network,H,183,-106.3885228,35.07670162
BC-0223,,375629,3890650,7051.5,S-02321,320,320,,Water Level Network,H,184,-106.3654256,35.15107871
BC-0224,,375513,3891950,7116.57,,,161,,Water Level Network,H,185,-106.3668948,35.16278338
BC-0225,,375398,3892720,7126.12,S-01486,100,100,,Water Level Network,H,186,-106.3682735,35.16971039
BC-0226,,376216,3896930,7014.91,S-01088,500,500,,Water Level Network,H,187,-106.3599255,35.20776304
BC-0238,,377859,3892090,6799.77,S-02775 POD2,,740,,Water Level Network,H,188,-106.3411624,35.16433332
BC-0252,,374184,3886850,6871.11,,,165,,Water Level Network,H,189,-106.380707,35.11664337
BC-0253,,373975,3886830,6998.08,,,310,,Water Level Network,H,190,-106.3829969,35.11643694
BC-0254,,376448,3890370,7114.68,S-01588,,630,,Water Level Network,H,191,-106.3563945,35.14865559
BC-0255,,375761,3890480,7000.6,S-02208 POD2,450,450,,Water Level Network,H,192,-106.3639512,35.14956254
BC-0257,,366007,3879890,5961.94,RG-87064 POD2,510,510,,Water Level Network,H,193,-106.4692898,35.05284836
BC-0259,,366815,3881930,6113.56,RG-82383,305,305,,Water Level Network,H,194,-106.4607599,35.07134474
BC-0262,,386548,3868490,7090.35,,,,,Water Level Network,H,195,-106.2425469,34.95259267
BC-0263,,380721,3870160,7352.78,E-07047,,260,,Water Level Network,H,196,-106.3065894,34.96697845
BC-0267,,375281,3888230,6871,S-02729,,,,Water Level Network,H,197,-106.3688798,35.12922014
BC-0269,,374511,3888670,7084,S-02412,,400,,Water Level Network,H,198,-106.3773957,35.13309084
BC-0271,,374882,3888570,7031,S-02402,,320,,Water Level Network,H,199,-106.3733094,35.13223559
BC-0278,,367021,3880670,5847,,,,,Water Level Network,H,200,-106.4582991,35.06001376
BC-0282,,368401,3881850,6171,,,,,Water Level Network,H,201,-106.4433572,35.07083182
BC-0287,,378233,3888750,7014,,,,,Water Level Network,H,202,-106.3365643,35.13426942
BC-0289,,374318,3884010,6471,S-01446,,140,,Water Level Network,H,203,-106.3788056,35.09105845
BC-0290,,381175,3889310,6809,S-00441,,228,,Water Level Network,H,204,-106.30436,35.13966957
BC-0293,,375243,3885510,6577,,,,,Water Level Network,H,205,-106.3688865,35.10469548
BC-0294,,376442,3890860,6944,,,,,Water Level Network,H,206,-106.3565336,35.15307204
BC-0295,,380029,3890360,6891,,,427,,Water Level Network,H,207,-106.3170893,35.14899911
BC-0296,,377347,3892500,6859,,,,,Water Level Network,H,208,-106.346844,35.16796699
BC-0306,,378692,3873570,7456,RG-63197,,282,,Water Level Network,H,209,-106.3293066,34.99747859
BC-0312,,379764,3873200,7595,RG-89393,,480,,Water Level Network,H,210,-106.3175089,34.99427107
BC-0172,,379018,3886000,6830,S-01466,400,400,,Water Level Network,H,211,-106.3275476,35.10957334
BC-0183,,379249,3885280,7011,S-01465,520,520,,Water Level Network,H,212,-106.3249084,35.10311037
BC-0185,,379195,3885340,6989,S-01111,475,475,,Water Level Network,H,213,-106.3255095,35.10364478
BC-0186,,379305,3885270,7014,S-01183,650,650,,Water Level Network,H,214,-106.3242926,35.10302693
BC-0187,,379257,3885320,7004,S-01079,505,505,,Water Level Network,H,215,-106.3248264,35.10347192
BC-0190,,375766,3889830,6976,S-01508,400,400,,Water Level Network,H,216,-106.3637985,35.14370363
BC-0191,,375818,3889910,6979,S-01060,317,317,,Water Level Network,H,217,-106.3632399,35.14443123
BC-0202,,385689,3889390,6914.57,,,,,Water Level Network,H,218,-106.2548313,35.14091395
BC-0203,,381856,3867060,7484.69,,,,,Water Level Network,H,219,-106.2937202,34.93916442
BC-0204,,374864,3886990,6729.43,,,,,Water Level Network,H,220,-106.3732678,35.11799019
BC-0205,,375904,3884840,6466.38,,,,,Water Level Network,H,221,-106.3615352,35.09873728
BC-0207,,377677,3878200,7166.38,,,,,Water Level Network,H,222,-106.3411077,35.03909547
BC-0209,,376682,3887500,6971.39,,,,,Water Level Network,H,223,-106.3533979,35.12281208
BC-0210,,376379,3892210,6943.52,,,,,Water Level Network,H,224,-106.3574273,35.1652341
BC-0213,,384518,3889540,6864.63,,,,,Water Level Network,H,225,-106.2677039,35.14213243
BC-0214,,385692,3869390,7070.54,,,,,Water Level Network,H,226,-106.2520433,34.96061023
BC-0215,,381975,3879950,7194.71,,,,,Water Level Network,H,227,-106.294246,35.05538348
BC-0216,,380752,3886260,6836.77,,,,,Water Level Network,H,228,-106.3085623,35.11212408
BC-0228,,384277,3889650,6845.94,,,170,,Water Level Network,H,229,-106.2703643,35.14309638
BC-0231,,378984,3885580,6894.79,S-02106,405,405,,Water Level Network,H,230,-106.3278592,35.10578302
BC-0242,,366941,3881570,5992.38,,,,,Water Level Network,H,231,-106.4593206,35.06811619
BC-0243,,368376,3881530,6077.14,,,,,Water Level Network,H,232,-106.4435805,35.06794393
BC-0244,,378908,3885170,6773.77,S-01782,,375,,Water Level Network,H,233,-106.3286329,35.10207779
BC-0245,,374266,3887900,6932.6,,,,,Water Level Network,H,234,-106.379967,35.12611899
BC-0247,,377844,3892010,6797.41,S-02775 POD3,450,434,,Water Level Network,H,235,-106.3413153,35.16361032
BC-0249,,377290,3875020,7265.84,RG-90868,,370,,Water Level Network,H,236,-106.3448799,35.01038108
BC-0250,,373605,3885570,6820.13,S-01037,160,160,,Water Level Network,H,237,-106.3868637,35.10503212
BC-0256,,378544,3890660,6789.46,,,,,Water Level Network,H,238,-106.3334323,35.15152525
BC-0260,,379703,3887150,6909.94,S-01872,,385,,Water Level Network,H,239,-106.3202001,35.12002252
BC-0264,,380005,3872930,7527.83,RG-85539,,440,,Water Level Network,H,240,-106.3148298,34.99186563
BC-0265,,352614,3894870,4999.17,RG-07569,,42,,Water Level Network,H,241,-106.6187685,35.18600573
BC-0266,,366394,3880270,5907,,,,,Water Level Network,H,242,-106.4651086,35.05632515
BC-0272,,374687,3888560,7050,S-02715,,500,,Water Level Network,H,243,-106.3754477,35.13212117
BC-0277,,366920,3880520,5897,,,,,Water Level Network,H,244,-106.4593823,35.05864828
BC-0279,,366939,3880610,5861,,,,,Water Level Network,H,245,-106.4591885,35.05946208
BC-0280,,366899,3880360,5940,,,,,Water Level Network,H,246,-106.4595869,35.0572032
BC-0283,,382756,3889810,6803,,,160,,Water Level Network,H,247,-106.2870801,35.14436259
BC-0284,,377728,3886760,6670,,,,,Water Level Network,H,248,-106.3418117,35.11626876
BC-0285,,380989,3888240,6877,,,,,Water Level Network,H,249,-106.3062472,35.13000165
BC-0286,,376716,3885510,6642,,,220,,Water Level Network,H,250,-106.3527283,35.10487688
BC-0298,,377023,3892730,6918,,,,,Water Level Network,H,251,-106.3504352,35.17000076
BC-0302,,376758,3892760,6993,,,260,,Water Level Network,H,252,-106.3533489,35.17023872
BC-0309,,380784,3884540,7026,,,,,Water Level Network,H,253,-106.3079635,35.09662218
BC-0311,,380078,3873300,7581,RG-76762,,520,,Water Level Network,H,254,-106.3140834,34.99520986
BC-0323,,378935,3885180,6783.72,,,375,,Water Level Network,H,255,-106.3283382,35.10217118
BC-0169,,379456,3885390,6976,,,,,Water Level Network,H,256,-106.3226537,35.1041268
BC-0170,,379019,3885810,6853,,,,,Water Level Network,H,257,-106.3275088,35.10786064
BC-0171,,379130,3885570,6943,S-00991,640,640,,Water Level Network,H,258,-106.3262561,35.1057104
BC-0173,,379446,3885430,6966,,,,,Water Level Network,H,259,-106.3227692,35.1044862
BC-0184,,379405,3885510,6935,S-01129,400,400,,Water Level Network,H,260,-106.3232306,35.10520248
BC-0189,,379215,3873590,7692,,,,,Water Level Network,H,261,-106.3235798,34.9977215
BC-0192,,375688,3897720,6923,S-00943,300,300,,Water Level Network,H,262,-106.365844,35.21481925
BC-0195,,377015,3890680,7028.66,S-01711,420,420,,Water Level Network,H,263,-106.3502175,35.15151966
BC-0197,,380743,3886730,6890.71,S-01093,605,605,,Water Level Network,H,264,-106.3087288,35.11636002
BC-0198,,379373,3871460,7516.48,,,600,,Water Level Network,H,265,-106.3215401,34.9785383
BC-0201,,377678,3891910,6811.66,,,,,Water Level Network,H,266,-106.3431227,35.16268866
BC-0208,,377038,3890320,6964.37,,,,,Water Level Network,H,267,-106.3499115,35.14827718
BC-0211,,377128,3891960,6880.69,,,,,Water Level Network,H,268,-106.3491678,35.1630723
BC-0222,,374838,3887560,6793.65,,,,,Water Level Network,H,269,-106.3736393,35.12312532
BC-0227,,380876,3890630,6700.81,S-01362,260,260,,Water Level Network,H,270,-106.3078318,35.15153383
BC-0229,,366874,3881690,6027.05,RG-94390,400,400,,Water Level Network,H,271,-106.4600745,35.06918907
BC-0230,,373617,3883350,6452.53,S-00720,,200,,Water Level Network,H,272,-106.3863932,35.08502109
BC-0234,,375288,3886170,6778.55,,,,,Water Level Network,H,273,-106.3684923,35.11065076
BC-0235,,374859,3886090,6606.2,,,,,Water Level Network,H,274,-106.3731865,35.10987636
BC-0236,,375678,3891560,7098.18,S-02312,310,310,,Water Level Network,H,275,-106.3650248,35.1592881
BC-0241,,363415,3892820,6031.24,RG-51611 POD1,560,560,,Water Level Network,H,276,-106.4998379,35.16905423
BC-0248,,377850,3892070,6797.63,S-02775 POD4,283,268,,Water Level Network,H,277,-106.3412583,35.16415194
BC-0281,,368195,3881070,5977,,,140,,Water Level Network,H,278,-106.4454919,35.06377363
BC-0292,,378899,3887470,6783,S-00374,,300,,Water Level Network,H,279,-106.3290683,35.12281085
BC-0297,,376056,3892050,7110,,,385,,Water Level Network,H,280,-106.3609491,35.16375197
BC-0299,,376122,3891170,7042,S-02718,,380,,Water Level Network,H,281,-106.3600925,35.15582721
BC-0303,,374490,3885910,6690,S-00768,,480,,Water Level Network,H,282,-106.3772072,35.10820779
BC-0304,,374493,3885910,6689,,,,,Water Level Network,H,283,-106.3771743,35.10820816
BC-0305,,385458,3872890,7166,,,,,Water Level Network,H,284,-106.2550872,34.99213736
BC-0307,,382034,3868180,7379,,,,,Water Level Network,H,285,-106.2919299,34.94928221
BC-0314,,379769,3873200,7527.83,RG-89393 POD2,,700,,Water Level Network,H,286,-106.3174541,34.99427166
BC-0316,,376245,3890180,7107,S-01765,,565,,Water Level Network,H,287,-106.358594,35.14691783
BC-0317,,377872,3888800,6928,S-02103,,220,,Water Level Network,H,288,-106.3405332,35.1346764
BC-0322,,376062,3900590,6730,,,,,Water Level Network,H,289,-106.3621683,35.24073729
BC-0329,,378704,3885770,6841,,,,,Water Level Network,H,290,-106.3309586,35.10746215
BC-0330,,378107,3884920,6678,,,,,Water Level Network,H,291,-106.3373825,35.09972746
BC-0331,,378041,3893250,6808,S-02873,,570,,Water Level Network,H,292,-106.339336,35.1748125
CP-0037,,667924,3808538,4236.6,CC-01945 POD1,400,400,121OGLL,Water Level Network,D,293,-103.1730268,34.40466194
EB-373,,401729,3941231,6262.32,RG-29860,300,300,121TSUQs,Water Level Network,D,294,-106.0850251,35.60996983
NM-23243,351331000000000,378942,3898838,6556,RG-73614,300,300,325MDER,Water Level Network,H,295,-106.330265,35.22529569
NM-23292,351354000000000,381538,3899531,6315,RG-54590,500,500,325MDER,Water Level Network,H,296,-106.3018451,35.23185301
PC-029,,372266,3906835,6192,RG-43979,140,140,318ABO,Water Level Network,A,297,-106.4048495,35.29655506
PC-122,,371061,3907168,6335.4,RG-67002 X2,273,273,325MDERL,Water Level Network,A,298,-106.418151,35.29940216
BC-0180,,379286,3885380,6979,,,,,Water Level Network,H,299,-106.3245171,35.10401629
BC-0181,,379448,3885440,6964,S-01204,420,420,,Water Level Network,H,300,-106.3227487,35.10457659
BC-0194,,377593,3891220,6875,S-00843 POD 2,380,380,,Water Level Network,H,301,-106.3439535,35.15645815
BC-0199,,375157,3884550,6443.54,,,124,,Water Level Network,H,302,-106.3696851,35.09603071
BC-0200,,384931,3872160,7257.28,,,600,,Water Level Network,H,303,-106.2607595,34.98549639
BC-0206,,377611,3877770,7154.31,,,,,Water Level Network,H,304,-106.3417677,35.03521106
BC-0218,,373344,3882460,6276.06,,,,,Water Level Network,H,305,-106.3892511,35.07696377
BC-0221,,377830,3892050,6799.34,S-02775,1325,1275,,Water Level Network,H,306,-106.3414749,35.16396921
BC-0232,,380856,3886680,6846.31,,,160,,Water Level Network,H,307,-106.3074818,35.11592265
BC-0233,,375725,3892400,7066.43,S-02545,,76,,Water Level Network,H,308,-106.3646354,35.16686621
BC-0237,,377676,3891780,6794.35,,,,,Water Level Network,H,309,-106.3431254,35.1615165
BC-0239,,379331,3885660,6859.3,S-02382,460,460,,Water Level Network,H,310,-106.3240643,35.10654585
BC-0240,,377232,3884960,6614.34,S-01407,,170,,Water Level Network,H,311,-106.3469863,35.09998178
BC-0246,,377221,3892190,6859.68,S-02639,250,250,,Water Level Network,H,312,-106.3481811,35.16515704
BC-0251,,374444,3886910,6805.17,,,110,,Water Level Network,H,313,-106.3778636,35.11721672
BC-0258,,366921,3881480,5946.71,RG-74114,,285,,Water Level Network,H,314,-106.4595254,35.06730225
BC-0261,,375990,3886480,6688.85,S-02630,,,,Water Level Network,H,315,-106.3608376,35.11353203
BC-0268,,374519,3888710,7080,S-02413,,370,,Water Level Network,H,316,-106.377314,35.13345243
BC-0270,,374354,3888780,7118,,,,,Water Level Network,H,317,-106.3791352,35.13406286
BC-0273,,380508,3869320,7334,,,330,,Water Level Network,H,318,-106.3088016,34.95938061
BC-0274,,368413,3880650,5890,,,,,Water Level Network,H,319,-106.4430352,35.06001601
BC-0275,,367995,3881600,6088,,,,,Water Level Network,H,320,-106.447769,35.06852514
BC-0276,,368143,3880560,5880,,,,,Water Level Network,H,321,-106.4459809,35.05916945
BC-0288,,378402,3886550,6867,,,,,Water Level Network,H,322,-106.3343862,35.11445729
BC-0291,,379628,3892190,6661,,,,,Water Level Network,H,323,-106.3217574,35.16544827
BC-0300,,376187,3892360,7006,,,,,Water Level Network,H,324,-106.3595576,35.16656266
BC-0301,,376787,3892720,6985,,,350,,Water Level Network,H,325,-106.3530246,35.16988169
BC-0308,,378434,3890150,7459,RG-58610,,225,,Water Level Network,H,326,-106.3345646,35.14691442
BC-0310,,379766,3873040,7580,RG-80555,,590,,Water Level Network,H,327,-106.3174638,34.9928289
BC-0313,,379830,3872880,7582,,,,,Water Level Network,H,328,-106.3167396,34.99139409
BC-0315,,351825,3896590,5007,RG-36062,,252,,Water Level Network,H,329,-106.6277404,35.20139284
BC-0318,,342636,3874240,4972,RG-25500,,246,,Water Level Network,H,330,-106.7243954,34.99854928
BC-0324,,378963,3885200,6849,,,375,,Water Level Network,H,331,-106.3280339,35.10235485
BC-0326,,378599,3885410,6884,S-01246,,300,,Water Level Network,H,332,-106.3320576,35.10420415
BC-0332,,377682,3891460,6846,,,340,,Water Level Network,H,333,-106.3430121,35.15863252
BC-0319,,342647,3874230,4972,RG-25500S,,350,,Water Level Network,H,342,-106.724273,34.99846086
BC-0320,,380220,3892160,6697,S-00383,,300,,Water Level Network,H,343,-106.3152541,35.16524857
BC-0321,,376039,3899640,6660,RG-78955,,440,,Water Level Network,H,344,-106.3622778,35.23217064
EB-220,353516000000000,403153,3938661,6259.8,RG-03824 T,395,161,112ANCH,Water Level Network,D,345,-106.0689969,35.58694188
GT-002,,248281,3787451,7243.67,RG-28779,500,500,120VCSS,Water Level Network,A,346,-107.7317422,34.19770425
LC-025,,400000,3936280,6086.69,X,18,18,112ANCH/110ALVM,Water Level Network,D,348,-106.1034993,35.56516372
NM-23288,351349000000000,380502,3899387,6509,RG-75346 POD1,220,220,325MDER,Water Level Network,H,351,-106.3132066,35.23043192
NM-23307,351401000000000,381139,3899727,6359,RG-65870,225,225,325MDER,Water Level Network,H,352,-106.3062572,35.23357267
NM-23319,351412000000000,380384,3900089,6428,RG-64870 POD1,100,100,325MDER,Water Level Network,H,353,-106.3146052,35.23674618
PB-0020,,379073,3937477,5272,RG-17186,195,195,112QTBF,Water Level Network,W,354,-106.3345543,35.57361907
PC-002,,368431,3907123,6023,RG-49454,165,165,231PFDFU,Water Level Network,D,355,-106.4470618,35.29865392
PC-102,,365603,3907806,5707,RG-54556 S2,800,800,112SNTFP,Water Level Network,H,356,-106.4782682,35.30443437
QU-158,,444027,4051147,7717.73,RG-77208,245,245,112QTBF,Water Level Network,A,357,-105.6258565,36.60419022
SV-0002,,378735,3900491,6480.81,RG-66894,225,225,325MDER,Water Level Network,H,362,-106.3327829,35.24017189
SV-0004,,377722,3900313,6577.8,RG-75832,310,310,325MDER,Water Level Network,H,363,-106.3438871,35.23844419
SV-0012,,380709,3898378,6529.68,RG-62315,257,275,325MDER,Water Level Network,H,364,-106.3107861,35.2213607
SV-0014,,380340,3899698,6474.19,RG-64172,268,268,325MDER,Water Level Network,H,365,-106.3150317,35.23321617
SV-0022,,380813,3899488,6416.13,RG-71097 POD1,140,140,325MDER,Water Level Network,H,366,-106.3098044,35.23137944
SV-0028,,377822,3899842,6570.56,RG-71816,375,375,325MDER,Water Level Network,H,367,-106.3427184,35.23421051
SV-0032,,376948,3898974,6719.16,RG-74189,380,366,320SNDI/400SAND,Water Level Network,H,368,-106.3521912,35.22627893
SV-0034,,376872,3898746,6726.89,RG-66547,400,400,325MDER/400SAND,Water Level Network,H,369,-106.352992,35.22421427
SV-0038,,378232,3901631,6470.67,RG-67698,450,450,310ABO,Water Level Network,H,370,-106.3384787,35.25038755
SV-0044,,380599,3900322,6357.59,RG-89967,,300,325MDER,Water Level Network,H,371,-106.3122767,35.23887225
SV-0050,,378530,3898960,6569.69,RG-67548,400,400,325MDER,Water Level Network,H,372,-106.3348092,35.22634565
SV-0051,,378445,3898654,6621.81,RG-75831,480,480,325MDER,Water Level Network,H,373,-106.3356978,35.22357686
SV-0063,,377935,3901220,6512.45,RG-71929,325,325,325MDER,Water Level Network,H,374,-106.3416814,35.2466464
SV-0067,,378273,3899226,6548.69,RG-74853,325,325,325MDER,Water Level Network,H,375,-106.337672,35.22871237
SV-0069,,378276,3899205,6552.06,RG-67763,280,280,325MDER,Water Level Network,H,376,-106.337636,35.22852343
SV-0072,,377909,3899152,6652.23,RG-77467,400,400,325MDER,Water Level Network,H,377,-106.3416601,35.22800102
SV-0074,,377969,3899311,6613.11,RG-88595,400,400,325MDER,Water Level Network,H,378,-106.3410245,35.22944165
SV-0078,,378620,3898570,6605.53,RG-75499,452,450,325MDER,Water Level Network,H,379,-106.333763,35.22284083
QU-004,364247000000000,448107,4063193,7523.52,RG-10641 S2,500,500,112QTBF,Water Level Network,D,380,-105.5810548,36.71300955
SV-0003,,378004,3901032,6497.07,RG-69775,240,240,325MDER,Water Level Network,H,394,-106.3408953,35.24496006
SV-0007,,377227,3900148,6628.84,RG-92393,300,300,325MDER,Water Level Network,H,395,-106.3493014,35.23689626
SV-0009,,377000,3900421,6619.99,RG-90191,,300,325MDER,Water Level Network,H,396,-106.3518364,35.23932941
SV-0013,,380583,3899467,6464.45,RG-79866 POD2,280,280,325MDER,Water Level Network,H,397,-106.3123283,35.23116275
SV-0017,,379355,3899759,6605.1,RG-93620,480,480,325MDER,Water Level Network,H,398,-106.3258629,35.23364799
SV-0019,,381465,3898114,6370.71,RG-65687,270,270,325MDER,Water Level Network,H,399,-106.302443,35.21907046
SV-0023,,381056,3899797,6370.5,RG-83111,245,245,325MDER,Water Level Network,H,400,-106.3071793,35.23419386
SV-0024,,380906,3899879,6385.42,RG-73271,300,300,325MDER,Water Level Network,H,401,-106.3088392,35.23491525
SV-0027,,378082,3899902,6543.35,RG-75117,425,425,325MDER,Water Level Network,H,402,-106.3398706,35.23478305
SV-0029,,377677,3899606,6641.23,RG-81253,380,380,325MDER,Water Level Network,H,403,-106.3442764,35.23206537
SV-0033,,376713,3898851,6705.59,RG-76913,,,325MDER,Water Level Network,H,404,-106.3547545,35.22514127
SV-0037,,377791,3901474,6512.68,RG-66754,325,325,325MDER/310ABO,Water Level Network,H,405,-106.3433016,35.24891855
SV-0039,,378306,3901525,6452.98,RG-80954,345,340,310ABO,Water Level Network,H,406,-106.3376498,35.24944099
SV-0043,,380743,3900460,6353.39,RG-64830,180,180,325MDER,Water Level Network,H,407,-106.3107145,35.24013342
SV-0047,,380211,3898708,6788.23,RG-66591,525,525,325MDER,Water Level Network,H,408,-106.3163049,35.2242762
SV-0049,,378591,3899163,6542.8,RG-81242,260,260,325MDER,Water Level Network,H,409,-106.3341691,35.22818301
SV-0055,,377987,3898568,6728.6,RG-69774,500,500,325MDER,Water Level Network,H,410,-106.3407165,35.22274597
SV-0056,,379569,3900594,6413.15,RG-95124,300,300,325MDER,Water Level Network,H,411,-106.323634,35.24120098
SV-0060,,379331,3898282,6604.99,RG-89452,460,460,325MDER,Water Level Network,H,412,-106.32591,35.22033042
SV-0061,,379200,3898139,6601.95,RG-77058,,360,325MDER,Water Level Network,H,413,-106.327328,35.21902554
SV-0073,,377701,3899002,6709.69,RG-92073,,450,325MDER,Water Level Network,H,414,-106.3439229,35.22662348
SV-0077,,378026,3898666,6691.22,RG-67696,420,420,325MDER,Water Level Network,H,415,-106.3403026,35.22363415
SV-0079,,377615,3898456,6912.86,RG-67004,370,370,325MDER,Water Level Network,H,416,-106.3447865,35.221691
SV-0084,,377318,3898842,6958.19,RG-67809,740,740,325MDER,Water Level Network,H,417,-106.3481067,35.22513435
SV-0093,,379102,3901134,6442.69,RG-92347,320,312,325MDER,Water Level Network,H,418,-106.3288449,35.24601265
SV-0082,,377394,3898813,6940.84,RG-75532,600,600,325MDER,Water Level Network,H,419,-106.3472675,35.22488222
SV-0086,,378118,3900638,6518.51,RG-67401,170,170,325MDER,Water Level Network,H,420,-106.3395842,35.24142218
SV-0088,,378651,3900800,6483.04,RG-78778,200,200,325MDER,Water Level Network,H,421,-106.3337515,35.24294724
SV-0092,,379212,3900792,6442.67,RG-69055,185,185,325MDER,Water Level Network,H,422,-106.3275858,35.24294291
SV-0094,,379225,3901296,6427.72,RG-88880,263,263,325MDER,Water Level Network,H,423,-106.327517,35.24748786
SV-0106,,380580,3897895,6512.29,RG-69777,240,240,325MDER,Water Level Network,H,424,-106.3121331,35.21699123
SV-0107,,380474,3898109,6599.51,RG-67828,350,350,325MDER,Water Level Network,H,425,-106.3133286,35.21890776
SV-0116,,379076,3899077,6539.41,RG-77620,340,340,325MDER,Water Level Network,H,426,-106.328828,35.22746637
SV-0117,,378734,3899372,6508.31,RG-78465,420,420,325MDER,Water Level Network,H,427,-106.3326288,35.23008438
SV-0126,,379023,3899647,6544.68,RG-64456,305,305,325MDER,Water Level Network,H,428,-106.3294941,35.23259833
SV-0127,,379213,3899826,6613.15,RG-63129,350,350,325MDER,Water Level Network,H,429,-106.3274329,35.23423487
SV-0128,,378935,3899861,6566.04,RG-63508,325,325,325MDER,Water Level Network,H,430,-106.3304925,35.23451684
SV-0136,,380785,3900570,6340.07,RG-95873,278,278,325MDER,Water Level Network,H,431,-106.3102689,35.24113004
SV-0137,,379805,3898959,6606.39,RG-66663,350,350,325MDER,Water Level Network,H,432,-106.3208018,35.2264903
SV-0138,,380090,3899253,6707.15,RG-64552,450,450,325MDER,Water Level Network,H,433,-106.3177136,35.22917475
TV-121,,439039,4024722,6732.28,RG-67154,215,215,112LAMAb/120SRVB,Water Level Network,D,437,-105.6795414,36.36567414
WL-0018,,176649,3805600,6881,G-00234 POD6,209,140,110ALVM/124BACA,Water Level Network,W,439,-108.5147723,34.34131662
WL-0022,,330664,3802027,4824,RG-32310,400,400,112SNTFU,Water Level Network,W,440,-106.8410627,34.34574322
WL-0028,,268509,4098043,6160,SJ-03117,160,160,124SNJS,Water Level Network,D,441,-107.6014859,37.00006565
WL-0058,,215533,3907690,7533.72,B-01174 S,235,235,313SADG,Water Level Network,W,443,-108.1272634,35.27197791
WL-0060,,476983,3932898,6474.41,UP-01089,280,280,231CHNL,Water Level Network,W,444,-105.2539237,35.53945279
WL-0062,,340903,3953588,5868.3,RG-77817,45,45,111ALVM,Water Level Network,A,445,-106.7588207,35.7134169
WL-0063,,348311,3885183,4959.83,X,,,110PTODC,Water Level Network,W,446,-106.6642328,35.09805199
WL-0124,,167626,3940060,6590.3,G-02390,350,350,231CHNL,Water Level Network,W,453,-108.6662204,35.54850748
WL-0148,,414236,3917349,6036,RG-81683,100,100,,Water Level Network,A,455,-105.9444286,35.39582691
WL-0160,,369495,3908452,5792,RG-51025,125,125,,Water Level Network,A,456,-106.4355744,35.31077316
SV-0097,,379980,3901402,6368.56,RG-73017,365,365,325MDER,Water Level Network,H,458,-106.3192359,35.24853416
SV-0099,,380114,3900205,6416.66,RG-66741,200,200,325MDER,Water Level Network,H,459,-106.3175887,35.23775962
SV-0100,,380195,3900475,6390.12,RG-86507,125,115,325MDER,Water Level Network,H,460,-106.3167381,35.24020328
SV-0102,,380387,3900920,6358.56,RG-96300,205,205,325MDER,Water Level Network,H,461,-106.3146931,35.24423775
SV-0104,,381301,3898331,6414.88,X,,185,325MDER,Water Level Network,H,462,-106.3042759,35.22100726
SV-0110,,379957,3898396,6647.97,RG-65094,480,480,325MDER,Water Level Network,H,463,-106.3190498,35.22143323
SV-0112,,379489,3898392,6625.71,RG-65996,390,390,325MDER,Water Level Network,H,464,-106.3241904,35.22134103
SV-0114,,379816,3898707,6614.13,X,,,325MDER,Water Level Network,H,465,-106.3206442,35.22421991
SV-0122,,377488,3901340,6538.5,RG-78872,260,260,310ABO,Water Level Network,H,466,-106.3466113,35.24767359
SV-0124,,377537,3901621,6522.53,RG-68381,200,200,318ABO,Water Level Network,H,467,-106.3461147,35.25021268
SV-0130,,379292,3900467,6425.15,RG-64281,200,200,325MDER,Water Level Network,H,468,-106.326659,35.24002279
SV-0132,,377255,3900822,6591.58,RG-93718,340,340,325MDER,Water Level Network,H,469,-106.3490944,35.24297552
SV-0134,,380579,3899471,6464.55,RG-79866 POD1,200,200,325MDER,Water Level Network,H,470,-106.3123729,35.23119834
SV-0140,,380660,3901000,6347.2,RG-95193,400,400,325MDER,Water Level Network,H,471,-106.3117049,35.24499149
SV-0142,,380775,3899677,6415.1,RG-71097 POD2,,400,325MDER,Water Level Network,H,472,-106.3102493,35.2330787
TV-196,362117000000000,436924,4023509,6695.87,RG-80207,450,450,120SRVB/112LAMAb,Water Level Network,D,474,-105.7030173,36.35460287
WL-0013,,533691,3974006,6040,CR-00286,98,98,211DKOT,Water Level Network,W,477,-104.6266209,35.90978409
WL-0014,,533794,3974071,6033,CR-03954,160,160,211DKOT,Water Level Network,A,478,-104.6254767,35.91036656
WL-0015,,507211,3961445,6371,CR-05150,245,245,210MNCS/120IRSV,Water Level Network,W,479,-104.9202049,35.79708605
WL-0021,,420007,3926549,6472,RG-44021,,101,110ALVM/124DMDT,Water Level Network,W,480,-105.8817903,35.47925162
WL-0032,,394768,3917819,6112,RG-64016,220,220,120IRSV/211MENF,Water Level Network,W,482,-106.1588321,35.39819795
WL-0044,,433725,4037446,7005.04,RG-94681,630,630,120SRVB,Water Level Network,W,487,-105.7398596,36.48002376
WL-0052,,441286,4049399,7202.43,RG-57632,60,60,112QTBF,Water Level Network,A,488,-105.656369,36.58826808
WL-0053,,463702,3964783,7438.61,CR-02380,245,245,400PREC/320PENN,Water Level Network,A,489,-105.4018705,35.82653688
WL-0054,,462880,3963668,7590.88,CR-02381,,,410PRCG,Water Level Network,H,490,-105.410919,35.81645329
WL-0079,,432622,3934543,7331.96,RG-59658,,700,,Water Level Network,A,493,-105.7434079,35.55226073
WL-0179,,433963,3938678,7333,X,,,,Water Level Network,A,498,-105.7289511,35.58963162
WL-0093,,400483,3846907,6174.16,E-00117?,,,112QTBF/310YESO,Water Level Network,W,500,-106.0873918,34.75946511
WL-0111,,441282,4049908,7280,RG-61037,115,115,112QTBF,Water Level Network,A,504,-105.6564525,36.59285619
WL-0113,,442809,4050221,7447,X,,,112QTBF,Water Level Network,A,505,-105.6394056,36.59577052
WL-0121,,439113,3926556,6837.74,UP-00268,250,250,325ALMT,Water Level Network,A,506,-105.671196,35.4806698
WL-0123,,437556,3938914,7059.23,UP-04125,147,147,325ALMT,Water Level Network,A,507,-105.6893111,35.59199271
WL-0140,,369003,3911575,5674,RG-70606,400,400,,Water Level Network,A,510,-106.4414846,35.33885982
WL-0150,,395009,3918090,6085,RG-26824 S-3,,840,,Water Level Network,W,511,-106.1562136,35.40066645
WL-0151,,341692,3950613,5723,RG-46073 POD2,70,28,,Water Level Network,W,512,-106.7495161,35.6867328
BC-0325,,378869,3885710,6849,,,360,,Water Level Network,H,513,-106.3291397,35.10694112
BC-0327,,378985,3885470,6909,,,,,Water Level Network,H,514,-106.3278321,35.1047915
BC-0328,,378430,3885540,6813,,,,,Water Level Network,H,515,-106.3339306,35.1053557
NM-23320,351412000000000,378826,3900126,6532,RG-63865,275,275,325MDER,Water Level Network,H,516,-106.3317292,35.23689255
NM-23363,351448000000000,379991,3901208,6374,RG-74125 CLW,365,365,325MDER,Water Level Network,H,517,-106.3190866,35.24678663
PB-0012,,375279,3937132,5209,X,,,,Water Level Network,A,518,-106.3763609,35.57003848
PC-055,,372911,3911968,6027,RG-66261,300,300,122SNTFP,Water Level Network,A,519,-106.3985541,35.34290751
PC-121,,371074,3907163,6337.4,RG-67002 X1,270,270,325MDERL,Water Level Network,A,520,-106.4180073,35.29935876
SA-0009,341243000000000,253037,3788905,7050.43,X,,,112QTBFppm/123DTMGign,Water Level Network,DA,521,-107.6805937,34.21194109
SV-0006,,377472,3900270,6600.96,RG-67952,200,200,325MDER,Water Level Network,H,529,-106.3466276,35.23802603
SV-0008,,377183,3900343,6623.98,RG-72245 POD3,320,320,325MDER,Water Level Network,H,530,-106.3498139,35.23864872
SV-0016,,379408,3899915,6537.35,RG-63734,275,275,325MDER,Water Level Network,H,531,-106.3253035,35.23506066
SV-0018,,379441,3899104,6564.78,RG-94354,400,400,325MDER,Water Level Network,H,532,-106.324822,35.22775372
SV-0020,,381515,3898523,6360.53,RG-79450,400,400,325MDER,Water Level Network,H,533,-106.3019526,35.22276341
SV-0021,,381333,3899133,6373.62,RG-77825,180,180,325MDER,Water Level Network,H,534,-106.30404,35.22824089
SV-0025,,380761,3899884,6382.39,RG-72068,100,100,325MDER,Water Level Network,H,535,-106.3104331,35.23494309
SV-0026,,380673,3900754,6321.51,RG-69329,125,125,325MDER,Water Level Network,H,536,-106.3115263,35.24277542
SV-0035,,377615,3900805,6544.5,RG-83981,285,285,310ABO,Water Level Network,H,537,-106.345136,35.24286631
SV-0036,,377744,3901229,6529.32,RG-67141,300,300,325MDER/310ABO,Water Level Network,H,538,-106.3437816,35.24670424
SV-0042,,380497,3900361,6370.29,X,,,325MDER,Water Level Network,H,539,-106.3134031,35.23921166
SV-0046,,380303,3899100,6738.4,RG-88243,560,560,325MDER,Water Level Network,H,540,-106.3153512,35.22782096
SV-0048,,380264,3898542,6788.88,RG-72841,575,575,325MDER,Water Level Network,H,541,-106.3156985,35.22278608
SV-0053,,378300,3898546,6673.72,RG-65691,425,425,325MDER,Water Level Network,H,542,-106.3372748,35.22258569
SV-0057,,376908,3899991,6663.78,RG-80840,280,280,325MDER,Water Level Network,H,543,-106.3527828,35.23544185
SV-0059,,379076,3898511,6581.57,RG-77619,440,440,325MDER,Water Level Network,H,544,-106.3287449,35.22236406
SV-0062,,379432,3898138,6630.06,RG-64781,440,440,325MDER,Water Level Network,H,545,-106.3247793,35.21904445
SV-0064,,378313,3901230,6473.86,RG-68877,365,365,325MDER,Water Level Network,H,546,-106.3375292,35.24678253
SV-0070,,378329,3899224,6547.12,X,,,325MDER,Water Level Network,H,547,-106.3370565,35.22870114
SV-0075,,377687,3899419,6658.14,RG-66435,475,475,325MDER,Water Level Network,H,548,-106.3441387,35.23038086
SV-0076,,377829,3899389,6627.89,RG-66436,375,375,325MDER,Water Level Network,H,549,-106.3425742,35.23012774
SV-0080,,377547,3898112,6991.48,X,,,325MDER,Water Level Network,H,550,-106.3454823,35.21858167
SV-0081,,377522,3898349,6969.08,RG-81065,785,785,325MDER,Water Level Network,H,551,-106.3457922,35.22071508
SV-0085,,377026,3898867,6807.04,RG-89228,220,220,325MDER,Water Level Network,H,552,-106.3513183,35.22532394
SV-0096,,379681,3901577,6369.55,RG-72477,210,210,310ABO,Water Level Network,H,553,-106.3225472,35.25007586
SV-0098,,380030,3901606,6355.34,RG-80904,340,340,325MDER,Water Level Network,H,554,-106.3187162,35.25037914
SV-0103,,380634,3901146,6337.78,RG-62940,350,350,325MDER,Water Level Network,H,555,-106.3120118,35.24630454
SV-0108,,380260,3898096,6639.34,RG-84111,460,460,325MDER,Water Level Network,H,556,-106.3156775,35.21876504
SV-0113,,379852,3898575,6627.77,RG-86442,360,360,325MDER,Water Level Network,H,557,-106.3202294,35.22303428
SV-0118,,378619,3899535,6502.06,RG-86268,400,400,325MDER,Water Level Network,H,558,-106.3339163,35.23153985
SV-0123,,377189,3901523,6560.64,X,,,318ABO,Water Level Network,H,559,-106.3499243,35.24928664
SV-0125,,378913,3897968,6629.67,RG-65340,375,375,325MDER,Water Level Network,H,560,-106.3304556,35.21744942
SV-0129,,378935,3900015,6555.38,RG-71350,300,300,325MDER,Water Level Network,H,561,-106.3305152,35.2359051
SV-0133,,376756,3899305,6698.15,RG-75185 POD1,240,240,325MDER,Water Level Network,H,562,-106.3543501,35.22923917
SV-0135,,379667,3898965,6583.95,RG-85608,350,350,325MDER,Water Level Network,H,563,-106.3223188,35.22652783
SV-0139,,379505,3901088,6402.91,RG-91144,260,260,310ABO,Water Level Network,H,564,-106.3244096,35.24564653
SV-0143,,380387,3900093,6401.16,RG-64870 POD2,,,325MDER,Water Level Network,H,565,-106.3145728,35.23678259
TV-157,362102000000000,443055,4023036,6932.31,RG-87082,230,230,121CHMT,Water Level Network,D,567,-105.6346542,36.35072132
WL-0017,,176595,3805560,6884,G-00234 POD5,393,210,,Water Level Network,A,568,-108.5153432,34.34093972
WL-0027,,281425,3895326,6379,RG-29351,450,450,211DKOT,Water Level Network,A,569,-107.4002559,35.17714564
WL-0036,,364401,3899703,6878,RG-84370,520,520,400SAND,Water Level Network,AH,571,-106.490147,35.23123176
WL-0057,,217911,3911650,7479.91,X,,270,313SADR,Water Level Network,W,572,-108.1025169,35.30830548
WL-0072,,476216,3932773,6551.18,UP-04675,,,231CHNL,Water Level Network,D,576,-105.2623811,35.53830761
WL-0183,,439515,3929338,6770,UP-01865,260,260,,Water Level Network,A,586,-105.6669721,35.50577714
WL-0186,,439186,3932745,6828,UP-04460,800,800,,Water Level Network,A,587,-105.6708553,35.53647469
NM-23274,351344000000000,378823,3899250,6525,RG-67142,355,355,325MDER,Water Level Network,H,589,-106.331633,35.22899535
NM-23281,351347000000000,381189,3899306,6383,RG-65109,175,175,325MDER,Water Level Network,H,590,-106.305647,35.22978339
NM-23298,351356000000000,377060,3899617,6642,RG-79292,300,300,325MDER,Water Level Network,H,591,-106.3510569,35.23208905
NM-23353,351437000000000,377806,3900902,6516,RG-80769,240,240,325MDER,Water Level Network,H,592,-106.3430517,35.24376404
QU-036,,445785,4056294,8333.44,RG-79272 X3,865,835,112QTBF,Water Level Network,A,593,-105.6065644,36.65068941
QU-100,363811000000000,445690,4061382,7286,X,239,30,112QTBF,Water Level Network,D,594,-105.607988,36.69654936
QU-101,,445690,4061382,7286,X,239,143,112QTBF,Water Level Network,A,595,-105.607988,36.69654936
SV-0001,,378157,3900443,6532.28,RG-67003,170,170,325MDER,Water Level Network,H,604,-106.3391268,35.23966907
SV-0005,,377593,3900379,6583.2,RG-77718,280,280,325MDER,Water Level Network,H,605,-106.3453144,35.23902341
SV-0010,,376865,3900217,6647.37,RG-74186 CLW,240,240,325MDER,Water Level Network,H,606,-106.3532891,35.23747386
SV-0011,,380703,3898275,6525.55,RG-62656,250,250,325MDER,Water Level Network,H,607,-106.3108371,35.22043147
SV-0015,,380063,3899931,6458.37,RG-62970 POD2,263,263,325MDER,Water Level Network,H,608,-106.3181091,35.23528349
SV-0030,,377508,3899590,6688.12,RG-68733,425,425,325MDER,Water Level Network,H,609,-106.3461308,35.2319005
SV-0031,,376748,3899282,6699.29,RG-75185 POD2,420,420,325MDER,Water Level Network,H,610,-106.3544345,35.22903085
SV-0040,,378764,3901628,6408.18,RG-67549,300,300,310ABO,Water Level Network,H,611,-106.3326319,35.25042504
SV-0041,,380430,3900433,6373.33,RG-71186,140,140,325MDER,Water Level Network,H,612,-106.3141498,35.23985273
SV-0045,,379889,3899379,6653.41,RG-84686,505,505,325MDER,Water Level Network,H,613,-106.3199403,35.23028654
SV-0052,,378310,3898762,6633.71,RG-70689,400,400,325MDER,Water Level Network,H,614,-106.3371969,35.22453407
SV-0054,,377943,3898868,6641.72,RG-95384,420,420,325MDER,Water Level Network,H,615,-106.3412444,35.22544501
SV-0058,,379020,3898592,6578.15,RG-77717,340,340,325MDER,Water Level Network,H,616,-106.329372,35.22308749
SV-0066,,380320,3901402,6340.89,RG-67402,375,375,325MDER,Water Level Network,H,617,-106.3154995,35.24857484
SV-0068,,378118,3899459,6571.67,RG-73945,370,370,325MDER,Water Level Network,H,618,-106.3394094,35.23079395
SV-0071,,377981,3899322,6610.23,RG-67192,370,370,325MDER,Water Level Network,H,619,-106.3408943,35.22954227
SV-0083,,377223,3898866,6951.8,RG-70986,505,503,325MDER,Water Level Network,H,620,-106.3491539,35.22533907
SV-0087,,378533,3900750,6494.39,RG-74771,300,300,325MDER,Water Level Network,H,621,-106.3350407,35.24248221
SV-0089,,378714,3901088,6445.28,RG-72122,260,250,310ABO,Water Level Network,H,622,-106.3331017,35.24555108
SV-0090,,378878,3900959,6464.61,RG-81407,240,240,325MDER,Water Level Network,H,623,-106.3312805,35.24440804
SV-0091,,378987,3900837,6453.33,RG-75945,190,,325MDER,Water Level Network,H,624,-106.3300648,35.24332142
SV-0095,,379510,3901364,6390.63,RG-74082,180,180,310ABO,Water Level Network,H,625,-106.3243952,35.24813518
SV-0101,,380029,3900591,6398.75,RG-64869,200,200,325MDER,Water Level Network,H,626,-106.318579,35.24122912
SV-0105,,380978,3898094,6461.79,RG-88101,245,245,325MDER,Water Level Network,H,627,-106.3077899,35.21883248
SV-0109,,380126,3897944,6606.01,RG-65693,350,350,325MDER,Water Level Network,H,628,-106.3171274,35.21737879
SV-0111,,379581,3898270,6652.27,RG-76946,540,520,325MDER,Water Level Network,H,629,-106.3231619,35.22025229
SV-0115,,379405,3898713,6588.12,RG-88831,365,365,325MDER,Water Level Network,H,630,-106.3251602,35.22422465
SV-0119,,377851,3900238,6569.71,RG-88214,335,335,325MDER,Water Level Network,H,631,-106.3424586,35.23778383
SV-0120,,377498,3900986,6564.83,RG-67808,250,250,325MDER/310ABO,Water Level Network,H,632,-106.3464486,35.24448365
SV-0121,,377415,3901138,6558.88,RG-89665,300,300,310ABO,Water Level Network,H,633,-106.3473834,35.24584371
SV-0131,,377378,3900923,6581.95,RG-89023,362,362,325MDER,Water Level Network,H,634,-106.3477579,35.24390105
SV-0141,,380814,3901173,6335.03,RG-76855 POD1,300,300,325MDER,Water Level Network,H,635,-106.3100377,35.24656936
SV-0145,,380307,3901176,6265.43,RG-76855 POD2,400,400,325MDER,Water Level Network,H,636,-106.3156095,35.24653596
TC-316,,444117,4089815,7596.75,RG-01441 S9,384,384,120SRVB/110PTODC,Water Level Network,DA,638,-105.6276861,36.95275767
WL-0005,,433086,4037432,7022.21,RG-84565,734,717,112SNTF,Water Level Network,A,640,-105.7469912,36.47985311
WL-0016,,405105,3829160,6098,E-01599-S,240,240,300YESO,Water Level Network,W,641,-106.0349037,34.59989085
WL-0026,,283917,3894707,6215,RG-29350,550,550,221WSRC,Water Level Network,A,642,-107.3727493,35.17210789
WL-0030,,394907,3918062,6099,RG-26824,840,840,,Water Level Network,A,643,-106.157333,35.40040327
WL-0031,,394903,3918077,6101,RG-26824 POD5,790,785,,Water Level Network,A,644,-106.157379,35.40053808
WL-0055,,463750,3965246,7421.73,CR-02382,,,111ALVM,Water Level Network,H,645,-105.4013602,35.83071306
WL-0056,,462941,3963616,7588.89,CR-02383,,,410PRCG,Water Level Network,H,646,-105.4102414,35.81598677
WL-0078,,282312,3898321,6535.29,X,860,860,211DKOT,Water Level Network,A,647,-107.3913139,35.20432104
WL-0080,,432576,3934540,7338.17,UP-04657 POD2,900,880,310SGRC,Water Level Network,W,648,-105.7439152,35.55223055
WL-0109,,206430,3801243,7428,,360,354,,Water Level Network,A,656,-108.1900366,34.31094731
WL-0115,,636376,4033001,5451,CT-01370,205,205,211DKOT,Water Level Network,W,657,-103.4785674,36.43254909
WL-0137,,441259,4050161,7320,RG-85250,154,154,112QTBF,Water Level Network,A,662,-105.656729,36.59513543
WL-0142,,371534,3908088,6152,X,,,,Water Level Network,A,663,-106.4130943,35.30775614
WL-0145,,371411,3909895,5848,RG-45642,165,165,,Water Level Network,A,664,-106.4147306,35.32402901
WL-0147,,364416,3908000,5543,RG-85284,790,790,,Water Level Network,A,665,-106.4913525,35.30602279
WL-0149,,427792,3936558,7281,X,,,,Water Level Network,A,666,-105.7968739,35.57008712
WL-0152,,356540,3963133,8102,RG-30359 POD2,400,400,,Water Level Network,W,667,-106.5877256,35.80184645
WL-0153,,356578,3963405,8028,RG-30359 POD5,366,366,,Water Level Network,A,668,-106.5873539,35.80430348
WL-0155,,363362,3908860,5423,,,,,Water Level Network,D,669,-106.5030857,35.31363121
WL-0157,,368338,3907364,5985,RG-28291-S2,,,,Water Level Network,A,670,-106.4481231,35.30081408
WL-0159,,369317,3907499,5951,,,,,Water Level Network,A,671,-106.4373799,35.30215943
